n,version,sample,kernel_ms,kernel_cycles
1000,scalar,1,0.013325,28677.0
1000,vector,1,0.007605,12573.0
1000,vector,2,0.009678,16302.0
1000,scalar,2,0.013166,28743.0
1000,scalar,3,0.013225,29436.0
1000,vector,3,0.007644,12672.0
1000,vector,4,0.007695,12771.0
1000,scalar,4,0.013235,28743.0
1000,scalar,5,0.013255,28677.0
1000,vector,5,0.009738,17424.0
1000,vector,6,0.007565,12606.0
1000,scalar,6,0.013185,28875.0
1000,scalar,7,0.016351,35706.0
1000,vector,7,0.007765,12969.0
1000,vector,8,0.009627,16038.0
1000,scalar,8,0.013195,28776.0
1000,scalar,9,0.013095,28446.0
1000,vector,9,0.009407,15807.0
1000,vector,10,0.007644,12738.0
1000,scalar,10,0.013074,28446.0
1000,scalar,11,0.013115,28644.0
1000,vector,11,0.009579,16203.0
1000,vector,12,0.007594,12606.0
1000,scalar,12,0.013025,28545.0
1000,scalar,13,0.013175,28809.0
1000,vector,13,0.007635,12705.0
1000,vector,14,0.009678,15873.0
1000,scalar,14,0.013135,28644.0
1000,scalar,15,0.016311,35673.0
1000,vector,15,0.007644,12705.0
1000,vector,16,0.007584,12639.0
1000,scalar,16,0.013175,28578.0
1000,scalar,17,0.013165,28710.0
1000,vector,17,0.007644,12606.0
1000,vector,18,0.007675,12639.0
1000,scalar,18,0.016292,35640.0
1000,scalar,19,0.013075,28743.0
1000,vector,19,0.009508,15939.0
1000,vector,20,0.007645,12639.0
1000,scalar,20,0.013105,28611.0
1000,scalar,21,0.012984,28512.0
1000,vector,21,0.007614,12672.0
1000,vector,22,0.007624,12606.0
1000,scalar,22,0.013225,28743.0
1000,scalar,23,0.016,35970.0
1000,vector,23,0.007664,12672.0
1000,vector,24,0.009518,15873.0
1000,scalar,24,0.013064,28578.0
1000,scalar,25,0.013035,28545.0
1000,vector,25,0.007865,13002.0
1000,vector,26,0.007645,12606.0
1000,scalar,26,0.012755,28545.0
1000,scalar,27,0.016271,35541.0
1000,vector,27,0.007654,12672.0
1000,vector,28,0.007675,12804.0
1000,scalar,28,0.01596,35607.0
1000,scalar,29,0.016271,35607.0
1000,vector,29,0.009458,15840.0
1000,vector,30,0.009508,15939.0
1000,scalar,30,0.013436,28974.0
100000,scalar,1,0.517085,1689270.0
100000,vector,1,0.079281,247698.0
100000,vector,2,0.049724,149820.0
100000,scalar,2,0.517836,1690128.0
100000,scalar,3,0.529518,1729926.0
100000,vector,3,0.087326,260106.0
100000,vector,4,0.048693,147114.0
100000,scalar,4,0.533176,1739892.0
100000,scalar,5,0.52044,1700358.0
100000,vector,5,0.048903,147972.0
100000,vector,6,0.049334,149160.0
100000,scalar,6,0.526443,1720290.0
100000,scalar,7,0.53034,1731873.0
100000,vector,7,0.049013,147939.0
100000,vector,8,0.049004,148104.0
100000,scalar,8,0.531511,1736658.0
100000,scalar,9,0.529719,1730355.0
100000,vector,9,0.048963,147807.0
100000,vector,10,0.049164,148104.0
100000,scalar,10,0.531523,1736097.0
100000,scalar,11,0.517446,1689633.0
100000,vector,11,0.048783,147213.0
100000,vector,12,0.048893,148071.0
100000,scalar,12,0.550328,1798203.0
100000,scalar,13,0.526483,1719795.0
100000,vector,13,0.064283,195459.0
100000,vector,14,0.060405,182919.0
100000,scalar,14,0.527274,1722039.0
100000,scalar,15,0.533435,1741542.0
100000,vector,15,0.049404,149127.0
100000,vector,16,0.060105,181467.0
100000,scalar,16,0.554316,1808268.0
100000,scalar,17,0.529678,1729398.0
100000,vector,17,0.048843,147741.0
100000,vector,18,0.049955,150546.0
100000,scalar,18,0.53531,1748175.0
100000,scalar,19,0.535912,1746327.0
100000,vector,19,0.049724,150546.0
100000,vector,20,0.049043,148104.0
100000,scalar,20,0.517315,1688874.0
100000,scalar,21,0.560848,1823778.0
100000,vector,21,0.048893,147642.0
100000,vector,22,0.049765,150810.0
100000,scalar,22,0.518407,1692405.0
100000,scalar,23,0.57201,1869021.0
100000,vector,23,0.050175,152295.0
100000,vector,24,0.048843,147873.0
100000,scalar,24,0.517666,1689732.0
100000,scalar,25,0.543525,1776654.0
100000,vector,25,0.058512,176880.0
100000,vector,26,0.05252,159753.0
100000,scalar,26,0.53571,1749066.0
100000,scalar,27,0.624398,2041347.0
100000,vector,27,0.049064,148467.0
100000,vector,28,0.047751,144309.0
100000,scalar,28,0.536542,1753455.0
100000,scalar,29,0.566579,1850574.0
100000,vector,29,0.049213,148665.0
100000,vector,30,0.048392,146520.0
100000,scalar,30,0.524118,1711149.0
1000000,scalar,1,5.30644,17456555.0
1000000,vector,1,0.643776,2099526.0
1000000,vector,2,0.704462,2301222.0
1000000,scalar,2,5.179372,17042256.0
1000000,scalar,3,5.228126,17202108.0
1000000,vector,3,0.513658,1675245.0
1000000,vector,4,0.571639,1863411.0
1000000,scalar,4,5.228335,17201679.0
1000000,scalar,5,5.47203,17998199.0
1000000,vector,5,0.449817,1464540.0
1000000,vector,6,0.495834,1618452.0
1000000,scalar,6,5.15677,16968831.0
1000000,scalar,7,5.192167,17082417.0
1000000,vector,7,0.529077,1726692.0
1000000,vector,8,0.482157,1572582.0
1000000,scalar,8,5.190435,17076774.0
1000000,scalar,9,5.17831,17039154.0
1000000,vector,9,0.50964,1663134.0
1000000,vector,10,0.4885,1592085.0
1000000,scalar,10,5.425848,17849552.0
1000000,scalar,11,5.379884,17695425.0
1000000,vector,11,0.448545,1460778.0
1000000,vector,12,0.446199,1454541.0
1000000,scalar,12,5.227969,17198230.0
1000000,scalar,13,5.173883,17024964.0
1000000,vector,13,0.515703,1680294.0
1000000,vector,14,0.437744,1425996.0
1000000,scalar,14,5.21951,17173860.0
1000000,scalar,15,5.19364,17088819.0
1000000,vector,15,0.54053,1764378.0
1000000,vector,16,0.447552,1458204.0
1000000,scalar,16,5.2304,17208774.0
1000000,scalar,17,5.148014,16940187.0
1000000,vector,17,0.684724,2239875.0
1000000,vector,18,0.68267,2230074.0
1000000,scalar,18,5.731488,18853938.0
1000000,scalar,19,5.461139,17962164.0
1000000,vector,19,0.592659,1935780.0
1000000,vector,20,0.663253,2164668.0
1000000,scalar,20,5.410973,17799012.0
1000000,scalar,21,5.350629,17599428.0
1000000,vector,21,0.440619,1432728.0
1000000,vector,22,0.464925,1514733.0
1000000,scalar,22,6.113631,20112543.0
1000000,scalar,23,5.384764,17713212.0
1000000,vector,23,0.692669,2262315.0
1000000,vector,24,0.510422,1666335.0
1000000,scalar,24,5.408268,17795943.0
1000000,scalar,25,5.280936,17376447.0
1000000,vector,25,0.475084,1547337.0
1000000,vector,26,0.449547,1463550.0
1000000,scalar,26,5.174764,17027736.0
1000000,scalar,27,5.33004,17531745.0
1000000,vector,27,0.59845,1947396.0
1000000,vector,28,0.439978,1410189.0
1000000,scalar,28,5.296476,17428752.0
1000000,scalar,29,5.1305,16881777.0
1000000,vector,29,0.629389,2044020.0
1000000,vector,30,0.447502,1456026.0
1000000,scalar,30,5.187939,17070702.0
50000000,scalar,1,267.031266,879481384.0
50000000,vector,1,56.769928,186948745.0
50000000,vector,2,55.439544,182563624.0
50000000,scalar,2,303.909823,1000951694.0
50000000,scalar,3,301.730446,993779588.0
50000000,vector,3,71.605466,235804999.0
50000000,vector,4,57.164769,188251371.0
50000000,scalar,4,261.748287,862085796.0
50000000,scalar,5,266.518835,877794589.0
50000000,vector,5,56.584515,186337866.0
50000000,vector,6,56.728027,186811812.0
50000000,scalar,6,262.978521,866143872.0
50000000,scalar,7,281.794871,928110974.0
50000000,vector,7,67.431965,222062098.0
50000000,vector,8,58.957999,194158816.0
50000000,scalar,8,267.783497,881968131.0
50000000,scalar,9,263.762664,868728053.0
50000000,vector,9,56.277162,185322522.0
50000000,vector,10,91.060687,299890189.0
50000000,scalar,10,292.965908,964911535.0
50000000,scalar,11,286.073107,942208179.0
50000000,vector,11,59.485311,195894203.0
50000000,vector,12,57.178914,188294320.0
50000000,scalar,12,273.778067,901704589.0
50000000,scalar,13,274.056913,902628210.0
50000000,vector,13,64.87774,213648732.0
50000000,vector,14,61.389877,202166976.0
50000000,scalar,14,267.392852,880629534.0
50000000,scalar,15,267.77361,881932541.0
50000000,vector,15,57.347362,188847417.0
50000000,vector,16,56.735717,186834648.0
50000000,scalar,16,263.536073,867972203.0
50000000,scalar,17,266.396156,877395338.0
50000000,vector,17,56.611661,186422181.0
50000000,vector,18,58.148753,191486114.0
50000000,scalar,18,264.814816,872180183.0
50000000,scalar,19,267.388427,880659797.0
50000000,vector,19,86.583494,285129982.0
50000000,vector,20,62.385305,205439651.0
50000000,scalar,20,264.116906,869884272.0
50000000,scalar,21,264.951781,872631804.0
50000000,vector,21,57.448568,189174266.0
50000000,vector,22,56.044688,184549596.0
50000000,scalar,22,263.159275,866736387.0
50000000,scalar,23,263.703883,868522479.0
50000000,vector,23,56.564889,186273747.0
50000000,vector,24,56.435786,185841562.0
50000000,scalar,24,265.38398,874058508.0
50000000,scalar,25,262.663143,865093284.0
50000000,vector,25,54.94251,180930189.0
50000000,vector,26,56.288634,185337240.0
50000000,scalar,26,263.24087,867003208.0
50000000,scalar,27,267.034816,879496018.0
50000000,vector,27,57.184529,188307339.0
50000000,vector,28,57.238713,188486792.0
50000000,scalar,28,269.417898,887346569.0
50000000,scalar,29,292.190406,962317753.0
50000000,vector,29,68.434175,225365811.0
50000000,vector,30,74.82671,246423309.0
50000000,scalar,30,300.137415,988529306.0
