n,version,sample,kernel_ms,kernel_cycles
1000,scalar,1,0.013507,22411.0
1000,vector,1,0.005707,6261.0
1000,vector,2,0.005422,6162.0
1000,scalar,2,0.013507,22273.0
1000,scalar,3,0.013222,21866.0
1000,vector,3,0.007039,8117.0
1000,vector,4,0.005708,6613.0
1000,scalar,4,0.013793,22790.0
1000,scalar,5,0.013127,21908.0
1000,vector,5,0.006659,6904.0
1000,vector,6,0.006469,7046.0
1000,scalar,6,0.014459,24074.0
1000,scalar,7,0.014364,23716.0
1000,vector,7,0.005992,6704.0
1000,vector,8,0.005803,6617.0
1000,scalar,8,0.014079,23654.0
1000,scalar,9,0.014269,23819.0
1000,vector,9,0.006277,7073.0
1000,vector,10,0.005803,6559.0
1000,scalar,10,0.014459,24052.0
1000,scalar,11,0.014268,23728.0
1000,vector,11,0.005898,6629.0
1000,vector,12,0.005993,6737.0
1000,scalar,12,0.014269,23760.0
1000,scalar,13,0.014649,24860.0
1000,vector,13,0.006183,6737.0
1000,vector,14,0.006088,6851.0
1000,scalar,14,0.016932,25447.0
1000,scalar,15,0.033388,63360.0
1000,vector,15,0.005707,6493.0
1000,vector,16,0.005327,6103.0
1000,scalar,16,0.013222,21804.0
1000,scalar,17,0.013223,21984.0
1000,vector,17,0.005993,6669.0
1000,vector,18,0.005803,6670.0
1000,scalar,18,0.014269,23803.0
1000,scalar,19,0.014079,23759.0
1000,vector,19,0.006373,7447.0
1000,vector,20,0.005898,6660.0
1000,scalar,20,0.014078,23611.0
1000,scalar,21,0.014649,24081.0
1000,vector,21,0.006469,7105.0
1000,vector,22,0.005897,6645.0
1000,scalar,22,0.014554,23986.0
1000,scalar,23,0.014268,23643.0
1000,vector,23,0.005802,6657.0
1000,vector,24,0.005898,6795.0
1000,scalar,24,0.014459,24234.0
1000,scalar,25,0.014172,23664.0
1000,vector,25,0.006087,6908.0
1000,vector,26,0.006088,6772.0
1000,scalar,26,0.014173,23735.0
1000,scalar,27,0.014459,23797.0
1000,vector,27,0.006088,7015.0
1000,vector,28,0.006278,6751.0
1000,scalar,28,0.014839,24004.0
1000,scalar,29,0.014363,23667.0
1000,vector,29,0.006183,7050.0
1000,vector,30,0.005517,6421.0
1000,scalar,30,0.013222,21899.0
100000,scalar,1,0.935156,1949972.0
100000,vector,1,0.093221,189368.0
100000,vector,2,0.079143,160266.0
100000,scalar,2,0.926881,1934907.0
100000,scalar,3,0.944003,1968985.0
100000,vector,3,0.08038,161946.0
100000,vector,4,0.079238,159654.0
100000,scalar,4,0.89083,1859324.0
100000,scalar,5,0.832043,1736117.0
100000,vector,5,0.124707,254826.0
100000,vector,6,0.086562,174852.0
100000,scalar,6,0.949235,1980645.0
100000,scalar,7,0.936013,1953839.0
100000,vector,7,0.079523,160684.0
100000,vector,8,0.10026,203744.0
100000,scalar,8,0.955893,1993600.0
100000,scalar,9,0.921744,1923964.0
100000,vector,9,0.085897,173218.0
100000,vector,10,0.086277,174105.0
100000,scalar,10,0.953326,1989110.0
100000,scalar,11,0.964455,2012248.0
100000,vector,11,0.079428,160373.0
100000,vector,12,0.085896,173305.0
100000,scalar,12,0.914609,1908712.0
100000,scalar,13,0.932683,1946109.0
100000,vector,13,0.103589,210460.0
100000,vector,14,0.098262,197300.0
100000,scalar,14,0.992992,2071660.0
100000,scalar,15,0.891686,1860638.0
100000,vector,15,0.079904,161330.0
100000,vector,16,0.093982,190402.0
100000,scalar,16,0.881982,1840599.0
100000,scalar,17,0.832139,1736917.0
100000,vector,17,0.079999,160854.0
100000,vector,18,0.116145,235708.0
100000,scalar,18,0.828333,1727821.0
100000,scalar,19,0.825195,1721865.0
100000,vector,19,0.079618,160415.0
100000,vector,20,0.096074,193569.0
100000,scalar,20,0.836894,1744849.0
100000,scalar,21,1.084024,2263139.0
100000,vector,21,0.078952,159497.0
100000,vector,22,0.079713,160740.0
100000,scalar,22,0.836228,1744854.0
100000,scalar,23,0.835562,1743009.0
100000,vector,23,0.08076,162224.0
100000,vector,24,0.112911,230258.0
100000,scalar,24,0.832233,1736287.0
100000,scalar,25,0.904718,1887066.0
100000,vector,25,0.085706,173231.0
100000,vector,26,0.118429,241249.0
100000,scalar,26,0.935918,1952392.0
100000,scalar,27,0.911947,1902683.0
100000,vector,27,0.085707,173123.0
100000,vector,28,0.085515,172342.0
100000,scalar,28,0.899106,1875785.0
100000,scalar,29,0.944574,1970288.0
100000,vector,29,0.079618,160676.0
100000,vector,30,0.149724,305665.0
100000,scalar,30,0.847263,1767958.0
1000000,scalar,1,9.329881,19524936.0
1000000,vector,1,1.291298,2694408.0
1000000,vector,2,1.933951,4037928.0
1000000,scalar,2,8.913241,18653128.0
1000000,scalar,3,9.046033,18932271.0
1000000,vector,3,1.098197,2291664.0
1000000,vector,4,1.146236,2392610.0
1000000,scalar,4,9.434897,19740585.0
1000000,scalar,5,8.75467,18321486.0
1000000,vector,5,1.166022,2433111.0
1000000,vector,6,1.839683,3840284.0
1000000,scalar,6,9.156852,19165106.0
1000000,scalar,7,9.285554,19429784.0
1000000,vector,7,1.75997,3674570.0
1000000,vector,8,1.032088,2154191.0
1000000,scalar,8,8.983632,18803797.0
1000000,scalar,9,9.514991,19914929.0
1000000,vector,9,1.121788,2340995.0
1000000,vector,10,1.041314,2172522.0
1000000,scalar,10,9.346146,19555197.0
1000000,scalar,11,8.848843,18516310.0
1000000,vector,11,1.117984,2332840.0
1000000,vector,12,1.055584,2202785.0
1000000,scalar,12,9.338633,19544115.0
1000000,scalar,13,9.130979,19109445.0
1000000,vector,13,1.163453,2427842.0
1000000,vector,14,1.16488,2430196.0
1000000,scalar,14,8.868247,18556757.0
1000000,scalar,15,8.684756,18177713.0
1000000,vector,15,1.155937,2411082.0
1000000,vector,16,1.187519,2474838.0
1000000,scalar,16,9.374209,19618782.0
1000000,scalar,17,9.133547,19113248.0
1000000,vector,17,1.308039,2728155.0
1000000,vector,18,1.254105,2617456.0
1000000,scalar,18,9.350426,19568376.0
1000000,scalar,19,9.150003,19149265.0
1000000,vector,19,1.36949,2856488.0
1000000,vector,20,1.184381,2470195.0
1000000,scalar,20,9.042894,18926414.0
1000000,scalar,21,8.907723,18643709.0
1000000,vector,21,1.137484,2373982.0
1000000,vector,22,1.395839,2913035.0
1000000,scalar,22,9.243414,19344393.0
1000000,scalar,23,9.299822,19463924.0
1000000,vector,23,1.634218,3407737.0
1000000,vector,24,1.172204,2446725.0
1000000,scalar,24,9.009601,18855406.0
1000000,scalar,25,9.298491,19460209.0
1000000,vector,25,1.129685,2357895.0
1000000,vector,26,1.622802,3386968.0
1000000,scalar,26,8.88128,18586809.0
1000000,scalar,27,9.12137,19090990.0
1000000,vector,27,1.61348,3369416.0
1000000,vector,28,1.521972,3174611.0
1000000,scalar,28,9.622099,20136261.0
1000000,scalar,29,9.173404,19196609.0
1000000,vector,29,1.252487,2613905.0
1000000,vector,30,1.765773,3684409.0
1000000,scalar,30,9.43366,19742450.0
