n,version,sample,kernel_reps,cycles,instructions,cache_misses,cache_references,ipc,cache_miss_percent,min_running_percent
1000,scalar,1,200000,7924014585.0,13170917725.0,465022.0,6371766.0,1.6621521305541616,7.298165061303256,100.0
1000,scalar,2,200000,7749863883.0,13170918512.0,209998.0,4088071.0,1.6995032055842367,5.136848161394457,100.0
1000,scalar,3,200000,7624734711.0,13170919261.0,33831.0,1147870.0,1.7273937730579227,2.9472849712946587,100.0
1000,vector,1,200000,1852902583.0,1601109701.0,230243.0,2943573.0,0.8641089475992165,7.821888568756406,100.0
1000,vector,2,200000,1872001141.0,1601110314.0,294189.0,3814140.0,0.8552934498451783,7.713114883040475,100.0
1000,vector,3,200000,1790619170.0,1601112206.0,21737.0,442504.0,0.8941667959469014,4.912271979462332,100.0
100000,scalar,1,2000,6892749462.0,13003683499.0,552082.0,147186909.0,1.8865742285701548,0.37508906447651535,100.0
100000,scalar,2,2000,6880372053.0,13003682975.0,250463.0,153624507.0,1.8899679951653336,0.16303583646325387,100.0
100000,scalar,3,2000,6892756336.0,13003683781.0,344582.0,150550187.0,1.886572388042124,0.22888181467353474,100.0
100000,vector,1,2000,930565969.0,1329733851.0,88366.0,136771124.0,1.4289517296973064,0.0646086669580927,100.0
100000,vector,2,2000,930128277.0,1329734844.0,87093.0,137119235.0,1.4296252214682428,0.06351625284373852,100.0
100000,vector,3,2000,950646465.0,1329733673.0,174046.0,137587209.0,1.3987678090193076,0.12649867764960623,100.0
1000000,scalar,1,200,7114812889.0,13017450257.0,40160392.0,165280879.0,1.8296265074132718,24.298268646066433,100.0
1000000,scalar,2,200,7036121268.0,13017450076.0,30155284.0,166773484.0,1.8500889311278426,18.081581841871216,100.0
1000000,scalar,3,200,7063208462.0,13017450293.0,34949182.0,165754340.0,1.8429939259238588,21.084927248360437,100.0
1000000,vector,1,200,1056457935.0,1342553539.0,11298817.0,153772291.0,1.2708064320611119,7.347758771442119,100.0
1000000,vector,2,200,1179056874.0,1342553335.0,21425291.0,155063631.0,1.1386671538967679,13.817096157125329,100.0
1000000,vector,3,200,1062404227.0,1342553934.0,13013383.0,151135811.0,1.2636940816689728,8.610390160939422,100.0
50000000,scalar,1,30,55340292913.0,98350423728.0,900351630.0,1271499493.0,1.7771937687900543,70.810223280207,100.0
50000000,scalar,2,30,56037381342.0,98350429495.0,901003836.0,1268881165.0,1.7550861075174187,71.00773979886446,100.0
50000000,scalar,3,30,55449592208.0,98350420685.0,899073460.0,1270939251.0,1.7736906038203555,70.74086816443754,100.0
50000000,vector,1,30,11240722023.0,10787924933.0,723102207.0,1107548802.0,0.9597181489700112,65.28851872659965,100.0
50000000,vector,2,30,11175505369.0,10787924488.0,717350887.0,1101282565.0,0.9653187155119517,65.13776843457065,100.0
50000000,vector,3,30,11261435126.0,10787925348.0,720703108.0,1103802468.0,0.9579529808854665,65.29276105949059,100.0
