n,version,sample,kernel_reps,cycles,instructions,cache_misses,cache_references,ipc,cache_miss_percent,min_running_percent
1000,scalar,1,200000,5601763513.0,7552090189.0,71951.0,3143694.0,1.3481629796534398,2.288740570806192,100.0
1000,scalar,2,200000,5590102188.0,7552101663.0,154054.0,3289645.0,1.3509773898609096,4.682997709479291,100.0
1000,scalar,3,200000,5588269539.0,7552091859.0,60960.0,3570231.0,1.3514186827057413,1.7074525429867142,100.0
1000,vector,1,200000,1620233155.0,1240903703.0,88767.0,3178021.0,0.7658797125405078,2.7931533492069436,100.0
1000,vector,2,200000,1608998045.0,1240888047.0,81942.0,3420612.0,0.7712178711814407,2.395536237375066,100.0
1000,vector,3,200000,1604308065.0,1240903430.0,74599.0,2566975.0,0.7734820120099565,2.9061054353860087,100.0
100000,scalar,1,2000,4352040791.0,7403321785.0,1728372.0,123723978.0,1.7011149804271217,1.3969579930577403,100.0
100000,scalar,2,2000,4360460448.0,7403321658.0,1868628.0,121944289.0,1.6978302512514845,1.532362044441458,100.0
100000,scalar,3,2000,4346339248.0,7403321900.0,1729208.0,127499380.0,1.703346535456636,1.3562481637165609,100.0
100000,vector,1,2000,382535925.0,1078457858.0,2397364.0,123281716.0,2.8192328811993277,1.9446225099592223,100.0
100000,vector,2,2000,381806428.0,1078458548.0,2147388.0,123235842.0,2.824621244983335,1.7425028020663014,100.0
100000,vector,3,2000,380549756.0,1078458359.0,1984511.0,114564882.0,2.833948365479966,1.7322158111243897,100.0
1000000,scalar,1,200,4347533294.0,7415851582.0,1452221.0,152259637.0,1.7057607338475278,0.9537793657028093,100.0
1000000,scalar,2,200,4352907874.0,7415851580.0,1707347.0,151588116.0,1.7036546131139185,1.1263066294721942,100.0
1000000,scalar,3,200,4358734866.0,7415851462.0,1458656.0,152273729.0,1.7013770486126192,0.9579170416191751,100.0
1000000,vector,1,200,399692821.0,1090864412.0,1514796.0,151989987.0,2.729256956056261,0.9966419695792197,100.0
1000000,vector,2,200,380166674.0,1090863562.0,1419842.0,151950520.0,2.8694350047105917,0.9344107542376294,100.0
1000000,vector,3,200,383591482.0,1090863338.0,1568483.0,151875242.0,2.8438153326877056,1.0327443626394353,100.0
50000000,scalar,1,30,33208105372.0,56272293039.0,11585543.0,1161867419.0,1.6945348856441227,0.9971484534759986,100.0
50000000,scalar,2,30,33166031243.0,56272272670.0,11649739.0,1160830853.0,1.6966839432100211,1.0035690359101783,100.0
50000000,scalar,3,30,33137167688.0,56272272543.0,11369888.0,1161328713.0,1.698161806489513,0.9790413233328883,100.0
50000000,vector,1,30,7401044526.0,8834776457.0,24132655.0,1156156275.0,1.193720214216152,2.0873177373880534,100.0
50000000,vector,2,30,7359459698.0,8834764625.0,25411567.0,1155227133.0,1.2004637551586739,2.199703095096884,100.0
50000000,vector,3,30,7340918539.0,8834765305.0,22754678.0,1156281177.0,1.2034958919736898,1.9679190885937945,100.0
